{
  "cfb_0_00_10000.png": {
    "pupil_ellipse": null,
    "iris_ellipse": [
      221.86317443847656,
      229.2506561279297,
      32.199161529541016,
      66.326171875,
      9.910447120666504
    ],
    "pupil_pts": [],
    "iris_pts": [
      [
        193,
        211
      ],
      [
        217,
        169
      ],
      [
        254,
        194
      ],
      [
        243,
        268
      ],
      [
        195,
        281
      ]
    ]
  },
  "cfb_0_00_10020.png": {
    "pupil_ellipse": null,
    "iris_ellipse": [
      223.1347198486328,
      226.03070068359375,
      31.69097328186035,
      67.41395568847656,
      8.520256042480469
    ],
    "pupil_pts": [],
    "iris_pts": [
      [
        192,
        220
      ],
      [
        215,
        167
      ],
      [
        256,
        213
      ],
      [
        241,
        272
      ],
      [
        197,
        278
      ]
    ]
  },
  "cfb_0_00_10040.png": {
    "pupil_ellipse": [
      224.47055053710938,
      224.802734375,
      13.376216888427734,
      20.4674129486084,
      8.208701133728027
    ],
    "iris_ellipse": null,
    "pupil_pts": [
      [
        211,
        225
      ],
      [
        223,
        205
      ],
      [
        238,
        221
      ],
      [
        229,
        243
      ],
      [
        215,
        241
      ]
    ],
    "iris_pts": []
  },
  "cfb_0_01_10000.png": {
    "pupil_ellipse": [
      231.09658813476562,
      242.7731475830078,
      26.592082977294922,
      59.521183013916016,
      22.507081985473633
    ],
    "iris_ellipse": null,
    "pupil_pts": [
      [
        209,
        227
      ],
      [
        237,
        191
      ],
      [
        259,
        244
      ],
      [
        237,
        284
      ],
      [
        199,
        285
      ]
    ],
    "iris_pts": []
  },
  "cfb_0_01_10025.png": {
    "pupil_ellipse": null,
    "iris_ellipse": [
      229.4933319091797,
      244.60638427734375,
      26.091190338134766,
      57.82026290893555,
      14.913200378417969
    ],
    "pupil_pts": [],
    "iris_pts": [
      [
        207,
        229
      ],
      [
        237,
        189
      ],
      [
        257,
        241
      ],
      [
        239,
        286
      ],
      [
        203,
        287
      ]
    ]
  },
  "cfb_0_02_10000.png": {
    "pupil_ellipse": [
      216.5549774169922,
      243.3477783203125,
      12.75164794921875,
      22.131267547607422,
      14.610045433044434
    ],
    "iris_ellipse": null,
    "pupil_pts": [
      [
        204,
        241
      ],
      [
        218,
        222
      ],
      [
        230,
        240
      ],
      [
        220,
        262
      ],
      [
        206,
        261
      ]
    ],
    "iris_pts": []
  },
  "cfb_0_02_10025.png": {
    "pupil_ellipse": null,
    "iris_ellipse": [
      213.41404724121094,
      244.53500366210938,
      33.25052261352539,
      63.25145721435547,
      19.62941551208496
    ],
    "pupil_pts": [],
    "iris_pts": [
      [
        185,
        226
      ],
      [
        219,
        186
      ],
      [
        251,
        227
      ],
      [
        234,
        278
      ],
      [
        180,
        292
      ]
    ]
  },
  "cfb_0_03_10000.png": {
    "pupil_ellipse": [
      208.2736053466797,
      228.08837890625,
      17.7930908203125,
      24.1735897064209,
      6.8450727462768555
    ],
    "iris_ellipse": null,
    "pupil_pts": [
      [
        194,
        215
      ],
      [
        210,
        204
      ],
      [
        226,
        223
      ],
      [
        216,
        249
      ],
      [
        194,
        244
      ]
    ],
    "iris_pts": []
  },
  "cfb_0_03_10025.png": {
    "pupil_ellipse": null,
    "iris_ellipse": [
      200.45408630371094,
      229.15475463867188,
      44.70485305786133,
      64.05642700195312,
      6.319687843322754
    ],
    "pupil_pts": [],
    "iris_pts": [
      [
        164,
        196
      ],
      [
        191,
        168
      ],
      [
        245,
        233
      ],
      [
        235,
        266
      ],
      [
        156,
        244
      ]
    ]
  },
  "cfb_0_04_10000.png": {
    "pupil_ellipse": [
      210.48753356933594,
      210.0054473876953,
      15.621864318847656,
      22.0242977142334,
      176.71432495117188
    ],
    "iris_ellipse": null,
    "pupil_pts": [
      [
        195,
        206
      ],
      [
        210,
        188
      ],
      [
        226,
        208
      ],
      [
        220,
        228
      ],
      [
        202,
        228
      ]
    ],
    "iris_pts": []
  },
  "cfb_0_04_10025.png": {
    "pupil_ellipse": null,
    "iris_ellipse": [
      204.72879028320312,
      212.84117126464844,
      43.50386047363281,
      63.053680419921875,
      176.052978515625
    ],
    "pupil_pts": [],
    "iris_pts": [
      [
        162,
        197
      ],
      [
        189,
        153
      ],
      [
        248,
        224
      ],
      [
        230,
        266
      ],
      [
        168,
        244
      ]
    ]
  },
  "cfb_0_05_10000.png": {
    "pupil_ellipse": [
      225.6925048828125,
      209.06558227539062,
      8.307746887207031,
      22.447359085083008,
      172.37039184570312
    ],
    "iris_ellipse": null,
    "pupil_pts": [
      [
        217,
        200
      ],
      [
        222,
        187
      ],
      [
        232,
        199
      ],
      [
        234,
        222
      ],
      [
        220,
        221
      ]
    ],
    "iris_pts": []
  },
  "cfb_0_05_10025.png": {
    "pupil_ellipse": null,
    "iris_ellipse": [
      227.929931640625,
      201.60227966308594,
      28.534698486328125,
      78.88450622558594,
      4.646457672119141
    ],
    "pupil_pts": [],
    "iris_pts": [
      [
        199,
        207
      ],
      [
        206,
        162
      ],
      [
        242,
        262
      ],
      [
        256,
        208
      ],
      [
        201,
        245
      ]
    ]
  },
  "cfb_0_06_10000.png": {
    "pupil_ellipse": [
      234.9524383544922,
      219.80487060546875,
      8.048295021057129,
      19.901836395263672,
      2.6475796699523926
    ],
    "iris_ellipse": null,
    "pupil_pts": [
      [
        227,
        218
      ],
      [
        235,
        200
      ],
      [
        243,
        220
      ],
      [
        239,
        236
      ],
      [
        231,
        238
      ]
    ],
    "iris_pts": []
  },
  "cfb_0_06_10025.png": {
    "pupil_ellipse": null,
    "iris_ellipse": null,
    "pupil_pts": [],
    "iris_pts": []
  }
}